term,source,genelist
mitochondrial genome maintenance,GO:0000002,AKT3 PPARGC1A POLG2 PARP1 DNA2 TYMP FLCN PRIMPOL ENDOG STOX1 SLC25A4 LIG3 MEF2A MPV17 OPA1 RRM2B POLG SLC25A36 TWNK RRM1 METTL4 SSBP1 TOP3A TP53 TEFM PIF1 SESN2 SLC25A33 DNAJA3 MGME1 LONP1
single strand break repair,GO:0000012,XNDC1N ERCC8 PARP1 APLF ERCC6 SIRT1 LIG4 APTX TDP1 TERF2 TNP1 XRCC1
regulation of DNA recombination,GO:0000018,PARP3 ACTR2 RAD50 ALYREF MAD2L2 KAT5 RAD51AP1 POLQ RUVBL2 BRD8 MORF4L1 PRDM7 CHEK1 SHLD3 HELQ CGAS RMI2 EXOSC6 SLC15A4 ANKLE1 H1-8 PARP1 SHLD1 PPP4R2 KHDC3L USP51 ARID2 APLF ZSCAN4 ERCC2 ERCC6 FANCB ZNF365 PAXIP1 KDM1A SMCHD1 SPIDR CLCF1 ABL1 FUS EPC2 SENP3 SETD2 MSH6 TBX21 H1-0 H1-2 H1-3 H1-4 H1-5 H1-6 H1-1 H1-7 IL2 IL4 IL7R IL10 H1-9P KPNA1 KPNA2 KMT5A MLH1 MRE11 OOEP MSH2 MSH3 FOXP3 EXOSC3 KMT5B MRNIP SIRT6 PIAS4 RTEL1 PMS2 TERF2IP SHLD2 ING3 MBTD1 PARPBP ZCWPW1 RADX WRAP53 RIF1 MRGBP PPP4C DMAP1 TEX15 UBQLN4 SMARCAD1 HMCES PRDM9 WDR48 EP400 PTPRC RAD51 ACTB BCL6 RPA2 FIGNL1 BLM MAGEF1 MMS19 MEAF6 STAT6 SUPT6H VPS72 TERF2 TFRC TGFB1 TP53BP1 TNFSF4 UBE2B WAS NSD2 ATAD5 KLHL15 EPC1 NDFIP1 YEATS4 TRRAP ZRANB3 HDGFL2 KMT5C FBH1 ACTL6A RUVBL1 TNFSF13 TIMELESS H1-10 HELB CD28 RECQL5 IL27RA CD40 MORF4L2 THOC1
regulation of mitotic recombination,GO:0000019,RAD50 ANKLE1 ZSCAN4 ERCC2 MLH1 MRE11 TERF2
ribosomal large subunit assembly,GO:0000027,RPL10L RPLP0P6 FASTKD2 DHX30 MDN1 RRS1 BOP1 MRM2 NOP53 NOP2 MRTO4 NLE1 MRPL20 BRIX1 DDX28 PPAN RPL5 RPL6 RPL10 RPL11 RPL23A RPL24 RPL38 RPLP0 RPF2 TRAF7
transition metal ion transport,GO:0000041,ABCC5 ABCB6 COX17 PGRMC2 SLC30A9 SLC46A1 CLTC SLC31A1 SLC31A2 CP SLC30A7 SLC30A8 DNM2 SLC39A11 ABCB7 SLC39A12 LMTK2 FKBP4 ISCU SLC39A14 FXN FTH1 FTL SLC39A6 STEAP2 STEAP1 CBLIF ATP2C1 SLC39A1 SLC39A5 SLC46A3 SCARA5 FLVCR1 SLC39A3 SLC39A2 SLC40A1 HFE HPX HRG HEPHL1 IFNG REP15 FTH1P19 ARHGAP1 LCN2 LTF MIR210 MELTF MT3 ATOX1 SLC11A2 CUTC SLC22A17 SLC25A37 ATP7A FTHL17 ATP7B STEAP3 SLC39A9 SLC30A10 SLC39A4 FLVCR2 SLC48A1 SLC30A6 TMEM165 B2M ATP13A1 SLC39A10 MCOLN1 TTYH1 HAMP NECTIN1 SLC39A8 SLC30A5 SLC1A1 SLC11A1 TCN1 TCN2 TF TFR2 TFRC TRPM2 SLC30A1 SLC30A2 SLC30A3 SLC30A4 SLC39A7 STEAP4 CYBRD1 TMEM163 SLC25A28 SLC41A2 SLC39A13 RAB11B ASIC3 MMGT1 FTMT SFXN1 HEPH ATP2C2
urea cycle,GO:0000050,SLC25A15 CEBPA CPS1 NAGS ARG1 ARG2 ASL ASS1 OTC AGMAT SLC25A2
citrulline metabolic process,GO:0000052,CPS1 DDAH2 DDAH1 ASS1 ATP2B4 OTC ALDH18A1 CAD
ribosomal subunit export from nucleus,GO:0000054,NOP9 MDN1 EIF6 NPM1 NUP88 NMD3 SDAD1 LSG1 RIOK2 RAN ABCE1 RPS15 XPO1 LTV1
ribosomal large subunit export from nucleus,GO:0000055,MDN1 NPM1 NUP88 NMD3 SDAD1 RAN XPO1
ribosomal small subunit export from nucleus,GO:0000056,NOP9 NPM1 NUP88 RIOK2 RAN RPS15 XPO1 LTV1
mitotic sister chromatid segregation,GO:0000070,PDCD6IP CHMP4BP1 SMC4 AKAP8 STAG1 KATNB1 NDC80 MAD2L2 PIBF1 KAT5 DCTN2 SMC2 CENPC SPAG5 CENPE CENPF NUDC STAG2 KIF2C TENT4A UBE2C ZWINT CHEK2 CDCA5 PRAP1 MISP CCSAP CHMP4B DIS3L2 PRICKLE1 KIF18B SPC24 PHF13 SPICE1 DUSP1 MAPRE1 TPX2 WAPL CLASP2 FLNA ABRAXAS2 RRS1 NCAPD3 CLASP1 NCAPH NUP62 KIF4A CENPI EML3 NIPBL ANAPC15 NSL1 CHMP2B LSM14A POLDIP2 FBXO5 AKAP8L TUBG2 VPS4A CHMP2A EML4 GOLGA2 CHAMP1 KIF4B NSMCE2 CHMP4A RACGAP1 NCAPH2 HNRNPU APC HSPA1A HSPA1B BIRC5 GEN1 IK INCENP KIF2A KIF11 KIFC1 KIF25 KIF22 KPNB1 RHOA KMT5A MAD2L1 MZT1 MYBL2 ATM DRG1 NEK2 NUMA1 WRAP73 RMDN1 DYNC1LI1 CHMP1A NUSAP1 ANAPC5 ANAPC7 LCMT1 CHMP5 ANAPC11 CHMP3 PLK1 INO80 MAP10 NCAPG2 SPDL1 PINX1 ZWILCH CEP192 CDCA8 CEP55 PPP2R1A CDK5RAP2 PCID2 TEX14 BCCIP PSMG2 KNL1 CHMP1B SPC25 RAD21 RAN RB1 CENPK NCAPG AURKC BUB1 BUB1B TPR TTK TTN TUBG1 CCDC61 XRCC3 ZNF207 MIS12 CEP97 CHMP6 MAP9 DSN1 ANKRD53 AAAS CDT1 SEH1L KIF18A SMC1A NUF2 MAD1L1 HASPIN USP44 ABRAXAS1 CUL3 SMARCA5 PSRC1 OFD1 KLHL22 BECN1 CDC23 RAB11A KAT2B CDC16 CCNB1 BAZ1B KNSTRN PRC1 KIFC2 SMC3 BOD1 CHMP7 ZW10 BUB3 AURKB CHMP4C TRIP13 KIF3B KIF23 VPS4B MAD2L1BP ARHGEF10 ESPL1 KNTC1 DLGAP5 CDK1 CDC20 NCAPD2 KIF14
cell cycle checkpoint signaling,GO:0000075,RAD50 FEM1B CDK2 CDKN1A CDKN1B NDC80 MAD2L2 CENPF PLK2 TOPBP1 CHEK1 FOXN3 ZWINT CHEK2 TREX1 PABIR1 PRAP1 PLK3 HUS1B ATF2 CRY1 MAPK14 RAD9B EME1 SPC24 DTX3L SDE2 DNA2 DUSP1 E2F1 EME2 ERCC6 FANCD2 UFL1 INTS7 ANAPC15 SYF2 HINFP GIGYF2 TIPRL FBXO6 FBXO4 VPS4A PRPF19 GML BABAM1 RPA4 DONSON NOP53 H2AX APC BIRC5 HUS1 GEN1 IK INCENP MAD2L1 MDM2 FOXO4 MRE11 EIF2AK4 MSH2 MUC1 NBN ATM ORC1 RPS27L DYNC1LI1 MRNIP WAC FZR1 TAOK3 MBTPS2 LCMT1 TRIAP1 GTSE1 DTL UIMC1 MAP3K20 PLK1 PML ETAA1 ATR NSUN2 SPDL1 TIPIN ZWILCH PPP1R10 CDCA8 RFWD3 PIDD1 CHFR CDK5RAP2 PCID2 PRKDC TEX14 PROX1 TRIM39 PSMG2 KNL1 SPC25 TAOK1 USP28 CAMSAP3 CCAR2 PTPN11 BARD1 RAD1 INIP RAD9A RAD17 RAD51 RBBP8 CCND1 RINT1 RPA2 RPL26 CLSPN BLM SETMAR NABP1 INTS3 STK33 BRCA1 BRCA2 BUB1 BUB1B TP53 TP53BP1 TPR TTK XPC XRCC3 ZNF207 NABP2 BRCC3 DDX39B RNASEH2B FBXO31 NEK11 WDR76 TTI2 MUS81 CEP63 CDK5RAP3 CDT1 CDC45 CASP2 NUF2 PARP9 RHNO1 MAD1L1 HASPIN BRIP1 HORMAD1 USP44 ATRIP ABRAXAS1 DOT1L BRSK1 CUL4A KLHL22 ZFYVE19 CDC14B THOC5 MBTPS1 CRADD IER3 NAE1 CCNB1 TIMELESS CCNG1 TICRR ZNF830 ZW10 BUB3 AURKB CHMP4C TRIP13 TAOK2 CLOCK BABAM2 MAD2L1BP MDC1 TTI1 KNTC1 CDK1 CDC5L TELO2 CDC6 CDC20 THOC1
DNA replication checkpoint signaling,GO:0000076,TOPBP1 HUS1B RAD9B DNA2 HUS1 ORC1 TIPIN CAMSAP3 RAD9A RAD17 CLSPN CDT1 CDC45 NAE1 TIMELESS TICRR ZNF830 CDC6
sulfur amino acid metabolic process,GO:0000096,ENSG00000274276 CDO1 CPS1 CTH DPEP1 AGXT FMO1 SLC7A11 BHMT2 GGT1 GNMT GCLC GCLM MAT1A MPST MTHFD2L MSRA MTAP MTHFD1 MTHFR MTR MTRR MMUT NOX4 APIP CSAD ADI1 ENOPH1 BHMT BLMH SMS TST MRI1 CBS
sulfur amino acid biosynthetic process,GO:0000097,ENSG00000274276 CDO1 CTH BHMT2 GGT1 MTHFD2L MTAP MTHFD1 MTHFR MTR MTRR APIP ADI1 ENOPH1 BHMT MRI1 CBS
sulfur amino acid catabolic process,GO:0000098,ENSG00000274276 CDO1 AGXT FMO1 MAT1A MPST MTRR CSAD BLMH TST CBS
sulfur amino acid transport,GO:0000101,SLC7A9 SLC43A2 MFSD12 CTNS SLC7A13 SLC7A11 SLC1A1 SLC1A2 SLC1A4 SLC3A1 SLC3A2 SLC7A5
rRNA modification,GO:0000154,METTL15P1 EMG1 RPUSD1 BUD23 TSR3 FTSJ3 NSUN5P1 DKC1 METTL15 FBL NSUN5P2 RPUSD2 DIMT1 ZCCHC4 METTL5 MRM2 FBLL1 NSUN4 NOP2 METTL25B TFB1M TRMT112 GAR1 TRMT61B MRM3 NAT10 NOP10 NHP2 NSUN5 NSUN3 TFB2M METTL16 MRM1 TRMT2B FDXACB1 NAF1
"nuclear-transcribed mRNA catabolic process, nonsense-mediated decay",GO:0000184,RNPS1 PNRC1 RC3H1 PNLDC1 DCP2 DCP1B ETF1 CASC3 NCBP2 SMG1 SMG6 SMG5 GSPT2 UPF2 PABPC1 GSPT1 A1CF HNRNPAB APOBEC1 EIF3E MAGOH NCBP1 PARN NBAS EXOSC10 MAGOHB SMG8 PNRC2 DCP1A SMG9 UPF1 SKIC2 UPF3B UPF3A SECISBP2 ZC3H12A SKIC8 PYM1 SKIC3 DHX34 EIF4A3 CTIF SMG7 RBM8A
protein polyubiquitination,GO:0000209,HUWE1 RNF41 TOPORS STUB1 UBE4B MARCHF6 TRIM22 ANAPC10 ARIH2 TRIM38 UBE2E3 TRIM3 RBCK1 RFPL3 RFPL2 TRAF3IP2 WWP2 UBE2C TRIM31 GABARAP RNF166 ERCC8 RFFL TRIM6 UBE2J2 C10orf90 RNF19B TRIM71 UBE2QL1 RNF183 TTC36 ZNF738 RC3H1 RNF187 CTNNB1 DTX3L RNF217 DDB2 DAW1 DDX3X RNF168 UBE2L5 RNF152 MARCHF8 ZNRF2 UBOX5 FOXF2 TRIM32 TCF25 FBXL7 FBXO28 FBXW11 TRIM2 NEDD4L SASH1 PRAME MKRN1 RUSC1 PPIL2 CDC26 PELI3 RNF144B SHPRH ARIH1 HECTD1 ANAPC13 TRIM58 RNF19A RNF167 WSB1 IRF2BP1 PTPN22 KLHL3 FBXO22 FBXO4 AMFR RNF115 KLHL20 UBE2S PRPF19 GPS2 UBE2T ANAPC2 ANAPC4 UBE2K BIRC2 XIAP IFI27 RFPL4A NHLRC1 NHLRC3 UBE2NL MIR138-1 MDM2 NEDD4 PRKN BFAR FZR1 UBR5 ANAPC5 ANAPC7 UBE2J1 DTL ANAPC11 UBE2D4 TRIM34 ANKIB1 RNF216 RC3H2 RNF186 MAGEL2 MARCHF5 TRIM44 PPIA UBE2R2 RNF125 MARCHF1 RNF31 TRIM68 TRIM62 UBE2W UBE2Q1 AMBRA1 RNF126 WSB2 RNF114 RNF20 SMURF1 PELI2 PELI1 HACE1 KLHL42 RNF213 BARD1 BCL2 TRIM27 RFPL1 RNF4 RNF5 RNF6 UBE2O NOD2 ANAPC1 RMND5A FBXL17 MARCHF7 SKP1 SKP2 BRCA1 TRIM21 TAF1 TNFAIP3 TRAF1 TRAF2 TRAF3 TRAF5 TRAF6 TTC3 RFPL4AL1 UBE2A UBE2B UBE2D1 UBE2D2 UBE2D3 UBE2E1 UBE2E2 UBE2G1 UBE2G2 UBE2H UBE2L3 UBE2N UBE2V1 UBE2V2 UBE3A MKRN3 DDA1 RNF26 MUL1 RNF34 CEP63 TNKS2 ZFP91 FBXO38 TRIM56 RNF146 SHARPIN ITCH SPOP KBTBD7 WDR24 RNF135 SYVN1 CUL3 PARP10 ZNRF1 TRIM5 CBFB TNKS CDC23 RIPK2 CDC16 BTRC KBTBD6 UBE3B UBE3D RNF8 DCAF15 LRSAM1 ZNF598 NMI RNF185 TMEM129 SPSB4 UBE2L6 UBE2Q2 TRIP12 UBE4A PLAA RNF14 DZIP3 UBE3C RNF144A AREL1 CDC27 CDC34 RBX1
meiotic spindle organization,GO:0000212,NDC80 DDB1 SEPTIN1 DCAF13 ASPM FBXO5 TUBG2 GOLGA2 TUBB8 MOS MYH9 ATRX PPP2R1A PTEN AURKA TUBG1 CCNB2 ESPL1 WASHC5
spliceosomal tri-snRNP complex assembly,GO:0000244,RNU4ATAC RNU6ATAC TSSC4 RNU6-9 RNU6-7 CD2BP2 PRPF8 SRSF10 DDX20 SRSF12 PRPF6 AAR2 PRPF31 RNU6-1 RNU5F-1 RNU5E-1 RNU5D-1 RNU5A-1 RNU5B-1 RNU4-2 RNU4-1 PRPF19 LSM2 USP4 PRPF3 SART3
spliceosomal complex assembly,GO:0000245,RNU4ATAC RNU6ATAC RNVU1-8 RBM5 RNVU1-4 RNVU1-14 RNVU1-15 RNVU1-17 RNVU1-3 RNVU1-1 RNVU1-6 RNVU1-19 SF3B4 SF3A1 TAF12-DT SLU7 CELF1 CELF2 USP39 SRSF10 TXNL4A SF3A3 SF3B2 PSIP1 CELF3 SRSF12 OVAAL DDX1 PUF60 KHDC4 SNRNP200 SETX SF3B3 SF3B1 PRPF6 SRPK3 RNU11 RNVU1-7 HTATSF1 PRPF19 WEE2-AS1 NCBP1 CRNKL1 LUC7L2 RBMX2 SF3B6 LUC7L3 PRPF39 LUC7L CELF4 RSRP1 ISY1 PTBP2 RNU1-4 RNVU1-2A RNU2-1 CELF6 CELF5 SRSF1 SRSF5 SRSF6 SFSWAP SMN1 SMN2 SNRPA1 SNRPB SNRPB2 SNRPC SNRPD1 SNRPD2 SNRPD3 SNRPE SNRPF SNRPG SRPK1 SRPK2 GCFC2 SF1 DDX39B SNIP1 GEMIN6 SF3A2 ZRSR2 SF3B5 BUD13 PHF5A GEMIN2 SRSF9 NOL3 SCAF11 YTHDC1 DDX23 DDX46
allantoin metabolic process,GO:0000255,ADA NT5C2 NT5C PNP ALLC URAD XDH NT5C1A GDA
mitochondrial fission,GO:0000266,DNM1L RALBP1 MTFR2 LRRK2 MIEF2 COX10 C11orf65 DCN PGAM5 DDHD2 KDR MAPT OPA1 PRKN FIS1 MTFP1 CYRIB GDAP1 MIEF1 PPARG MARCHF5 VPS35 MTFR1L SPIRE1 MFF RALA INF2 PINK1 TMEM135 BNIP3 STAT2 AURKA UCP2 MUL1 MYO19 DDHD1 AP3B1 MCU SLC25A46 MTFR1
peptidoglycan metabolic process,GO:0000270,PGLYRP2 PGLYRP3 LYG1 LYG2 PGLYRP4 PGLYRP1
polysaccharide biosynthetic process,GO:0000271,MIR1271 SORBS1 FUT9 PTGES3 CLTC AP2A1 AGL EGF AKT1 AKT2 EXT1 EXT2 PASK GBE1 GCK GSK3A GSK3B GYG1 GYS1 GYS2 HAS1 HAS2 HAS3 NDST1 ACADM IGF1 IGF2 INS INSR IRS1 NHLRC1 MIR15B MIR195 NFKB1 PDGFB ENPP1 INPP5K PHKG1 PHKG2 PRKAG3 PPP1CA PPP1CB PPP1R3A PPP1R3C PPP1R3D CSGALNACT2 SMPD3 CSGALNACT1 SELENOS PTH NDST4 PPP1R3G TGFB1 UGP2 PPP1R3B DYRK2 NDST2 IRS2 PER2 GYG2 PPP1R3F PPP1R3E NDST3 NR1D1 HS2ST1 EPM2AIP1
polysaccharide catabolic process,GO:0000272,CHIT1 AGL GABARAPL1 G6PC1 GAA CHIA INS PFKM PHKG2 PPP1CA PPP1CB PPP1R3D PGM2 ADCY10 PYGB PYGL PYGM PPP1R3B MGAM STBD1 RB1CC1
mitotic cytokinesis,GO:0000281,PDCD6IP CHMP4BP1 KIF20A CENPA STAMBP EXOC5 CFL1 IQGAP2 JTB RAB35 CIT SNX18 EXOC3 EFHC1 CNTROB IQGAP3 CHMP4B MITD1 EXOC8 ECT2 KLHDC8B SEPTIN6 EXOC6B EXOC7 ZFYVE26 NUP62 KIF4A SNX33 CHMP2B POLDIP2 CKAP2 VPS4A CHMP2A KIF4B ANK3 CHMP4A RACGAP1 APC BIRC5 DCDC1 INCENP ARF1 RHOA RHOB RHOC STMN1 ARL3 MYH10 CHMP1A NUSAP1 SNX9 CHMP5 CHMP3 PLK1 ANLN EXOC6 TTC19 CDCA8 CEP55 TRIM36 EXOC1 EXOC2 CHMP1B BBS4 RASA1 EXOC4 ROCK1 RTKN WNK1 SON SPAST SPTBN1 CHMP6 MAP9 ANKRD53 LZTS2 IQGAP1 UNC119 USP8 CHMP7 AURKB CHMP4C ROCK2 KIF23 VPS4B KIF20B ESPL1 CUL7
"nuclear-transcribed mRNA catabolic process, deadenylation-dependent decay",GO:0000288,TOB1 SYNCRIP PAIP1 IGF2BP1 TENT4A EXOSC8 NT5C3B RC3H1 PNLDC1 DHX9 DCP2 DHX36 DCP1B PATL2 PDE12 PATL1 CPEB3 DIS3 EXOSC7 CNOT1 SAMD4A TNRC6B TUT4 EXOSC2 CNOT6L PAN3 NOCT CNOT10 PABPC1 AGO2 LSM1 TNRC6A DCPS CNOT7 HNRNPD HNRNPU NANOS2 NANOS1 NANOS3 PABPN1L CAPRIN1 MLH1 CNOT2 CNOT3 CNOT4 YBX1 PARN EXOSC3 EXOSC9 POLR2G RC3H2 SAMD4B CNOT11 DCP1A EIF4ENIF1 EXOSC5 CNOT6 TNRC6C TENT4B ZFP36L1 ZFP36L2 ZFP36 CSDE1 BTG2 TUT7 TNKS1BP1 CNOT9 CNOT8 PAN2
nuclear-transcribed mRNA poly(A) tail shortening,GO:0000289,TOB1 TENT4A PNLDC1 CPEB3 CNOT1 SAMD4A TNRC6B TUT4 CNOT6L PAN3 CNOT10 PABPC1 AGO2 TNRC6A CNOT7 MLH1 CNOT2 CNOT3 CNOT4 PARN POLR2G SAMD4B CNOT11 EIF4ENIF1 CNOT6 TNRC6C TENT4B ZFP36 BTG2 TUT7 TNKS1BP1 CNOT9 CNOT8 PAN2
deadenylation-dependent decapping of nuclear-transcribed mRNA,GO:0000290,DCP2 DCP1B PATL2 PATL1 NOCT LSM1 DCPS CNOT7 CAPRIN1 DCP1A EIF4ENIF1
"retrograde transport, vesicle recycling within Golgi",GO:0000301,COG5 COG2 COG4 COG6 COG3 COG8 COG7 COG1 GOLGA5
response to reactive oxygen species,GO:0000302,MIR675 HDAC6 IL18BP PPIF TRAP1 NET1 KLF2 RACK1 STK25 FBLN5 TXNRD2 TXNIP CAMKK2 PRDX3 RIPK3 ZNF277 PDCD10 TREX1 PARK7 CHUK AGAP3 ADCYAP1R1 LRRK2 PLK3 COL1A1 PPARGC1B CRK ROMO1 SIRPA CRYAB CRYGD SESN3 CYP1B1 DHFR NQO1 ECT2 EDN1 EGFR AKT1 ERCC6 ERN1 EZH2 FABP1 FANCC PTK2B FER FKBP1B SETX KDM6B SIRT1 FOS FXN ABL1 FYN MPV17L PRDX5 GCH1 FOXP1 SESN1 H19 GPR37 GPX1 GSTP1 ANXA1 HBA1 HBA2 HBB HDAC2 HGF HIF1A HMOX1 HP HSF1 APOA4 HYAL1 APOD APOE IL1A IL6 AQP1 JUN AREG KCNA5 ERCC6L2 RHOB MIRLET7B MIR103A1 MIR107 MIR133A1 MIR17 MIR21 MIR34A MIR92A1 MAPT MDM2 MAP3K5 MET MMP2 MMP3 MMP9 MPO MPV17 MT3 MT-ND5 MT-ND6 MYB ATM NFE2L2 NOS3 DDR2 PJVK PRDX1 PAWR PAX2 GLRX2 PCNA ZNF580 NME8 OSER1 PDGFRA PDK2 STK26 PEX10 PEX12 PEX13 PEX14 PKD2 ATP7A ADPRS ANKZF1 PPP2CB NUDT15 SMPD3 PRKAA1 AXL PRKCD MAPK1 MAPK3 MAPK7 MAPK8 MAPK9 MAPK13 CBX8 DHFRP1 BAK1 PTPRK PTPRN PEX2 PXN PEX5 PLEKHA1 BCL2 RELA RPS3 S100A7 SDC1 MAP2K4 PINK1 NCF1 BMP7 BNIP3 SOD1 SOD2 SOD3 SRC STAT1 STAT6 TACR1 BTK PRDX2 TNFAIP3 TOP2B TPM1 TRPM2 TXN UCP1 UCP2 UCP3 SCGB1A1 PCGF2 PDGFD FOSL1 CAPN2 CASP3 SESN2 STK24 COA8 MAP1LC3A CAT MPV17L2 PPP1R15B BECN1 HYAL2 RIPK1 ADAM9 IL18RAP SPHK1 SQSTM1 TRPA1 C12orf29 AIFM1 GPR37L1 CD36 CDK1 CCS
response to oxygen radical,GO:0000305,MIR675 FBLN5 TXNRD2 DHFR NQO1 ERCC6 FANCC GCH1 H19 APOA4 MIR21 MPO MT3 NFE2L2 NOS3 PRDX1 GLRX2 ATP7A ADPRS DHFRP1 BMP7 SOD1 SOD2 SOD3 PRDX2 UCP2 UCP3 CD36 CCS
formation of quadruple SL/U4/U5/U6 snRNP,GO:0000353,RNU6-9 RNU6-7 RNU6-1 RNU5F-1 RNU5E-1 RNU5D-1 RNU5A-1 RNU5B-1 RNU4-2 RNU4-1
"RNA splicing, via transesterification reactions",GO:0000375,SNRPGP15 RNU4ATAC RNU6ATAC TSSC4 PQBP1 RNVU1-8 RBM7 RBM6 RBM5 ALYREF RNVU1-4 RNVU1-14 RNVU1-15 RNVU1-17 RNU6-9 RNVU1-3 RNVU1-1 RNU6-7 RNVU1-6 RNVU1-19 MPHOSPH10 DDX39A HNRNPR SRRM1 SF3B4 CWC27 SAP18 SMNDC1 BCAS2 SF3A1 PRMT5 CD2BP2 RBM14 PPIE PPIH SYNCRIP DDX17 TAF12-DT SLU7 PRPF8 KHDRBS3 KHDRBS1 CELF1 CELF2 USP39 SRSF10 TXNL4A RNPS1 SRSF8 SF3A3 SF3B2 SNRNP27 SNRNP35 LSM6 PSIP1 STRAP CELF3 WBP4 DDX20 U2AF2 CIRBP FRA10AC1 CLNS1A SRSF12 RBMXL3 CWF19L2 HNRNPA1L2 RBFOX3 OVAAL ZMAT2 RBMY1F SDE2 DDX1 DDX5 DHX8 DHX9 DHX15 DYRK1A U2AF1L4 KHDRBS2 HNRNPA3 RBM24 CASC3 PUF60 KHDC4 RALY NCBP2 SNW1 SNRNP200 KDM1A SETX JMJD6 FMR1 PPWD1 SF3B3 SF3B1 MTREX SRRM2 RBFOX2 LSM5 TFIP11 PRPF6 STH FRG1 PRPF40B LSM4 USP49 GEMIN5 SYF2 AAR2 PRPF31 DAZAP1 SRPK3 RNU11 RNU6-1 RNU5F-1 RNU5E-1 RNU5D-1 RNU5A-1 RNU5B-1 RNU4-2 RNU4-1 RNVU1-7 PABPC1 GPKOW LSM1 LSM3 RBMXL2 RBMX HTATSF1 PRPF19 RBM20 SLC39A5 WEE2-AS1 DCPS RBM15B TRA2A HMX2 HNRNPA1 HNRNPA2B1 HNRNPC HNRNPF HNRNPH1 HNRNPH3 HNRNPK HNRNPL HNRNPU HSPA8 CENATAC IK RBM44 RBMY1B RBMY1D RBMY1E RBMY1J NCBP2L MAGOH MFAP1 MYOD1 HNRNPM NCBP1 NCL SNU13 NOVA1 NOVA2 NPM1 NUP98 RBMXL1 GEMIN4 DBR1 RSRC1 CRNKL1 ZBTB7A CDC40 DDX41 CWC15 LARP7 LUC7L2 RBMX2 SF3B6 PPIL1 LSM7 LSM8 LUC7L3 C9orf78 PLRG1 PPIL3 RBM11 PNN PRMT7 RBM47 RBFOX1 CWC25 TXNL4B GEMIN8 PRPF39 GPATCH1 MAGOHB RBM23 DNAJC17 SMU1 CWF19L1 RBM41 ZCCHC8 RNPC3 PRPF40A LUC7L RBM22 YJU2 CTNNBL1 METTL3 CELF4 XAB2 RSRP1 PCBP4 PTBP1 ISY1 CWC22 METTL14 LSM2 PTBP2 CACTIN RBM25 UBL5 RBM3 RBM4 RBMY1A1 REST RNU1-4 DHX35 RNVU1-2A RNU2-1 CELF6 CELF5 SFPQ SRSF1 HNRNPA1L3 SRSF2 SRSF3 SRSF4 SRSF5 SRSF6 SRSF7 SFSWAP TRA2B RBM15 SMN1 SMN2 SNRNP70 SNRPA SNRPA1 SNRPB SNRPB2 SNRPC SNRPD1 SNRPD2 SNRPD3 SNRPE SNRPF SNRPG SNRPN SON SRPK1 SRPK2 GCFC2 TIA1 C1QBP U2AF1 ZRSR2P1 USP4 SF1 RNF113A SCNM1 METTL16 WDR77 RBM42 DDX39B SNRNP25 SNIP1 GEMIN7 GEMIN6 ESRP2 FXR1 YJU2B COIL SF3A2 ESS2 ZRSR2 RBM10 SF3B5 RBM4B FAM172A NSRP1 WDR83 DHX16 SRRM4 BUD13 PHF5A GEMIN2 PRPF38A RBM17 ZCRB1 PRPF18 KHSRP CDK13 SRSF9 BUD31 PRPF4B NOL3 SART1 PRPF4 PRPF3 SCAF11 YTHDC1 EFTUD2 SNRNP40 PAXBP1 DDX23 QKI FXR2 RBM39 PRDX6 WTAP TGS1 AQR SART3 EIF4A3 DHX38 DDX46 CDC5L RBM19 RBM8A THRAP3
"regulation of alternative mRNA splicing, via spliceosome",GO:0000381,RBM7 RBM5 SAP18 DDX17 KHDRBS3 KHDRBS1 CELF1 CELF2 RNPS1 CELF3 SRSF12 RBFOX3 DDX5 KHDRBS2 RBM24 PUF60 FMR1 RBFOX2 RBMX RBM20 RBM15B HNRNPA1 HNRNPL HNRNPU MAGOH MYOD1 NOVA1 NOVA2 ZBTB7A RBM11 RBM47 RBFOX1 SMU1 CELF4 PTBP1 RBM25 RBM4 RBMY1A1 REST CELF6 CELF5 SRSF6 TRA2B RBM15 TIA1 FXR1 FAM172A NSRP1 SRRM4 YTHDC1 FXR2 WTAP RBM8A THRAP3
spliceosomal snRNP assembly,GO:0000387,SNRPGP15 RNU4ATAC RNU6ATAC TSSC4 RNU6-9 RNU6-7 PRMT5 CD2BP2 PRPF8 SRSF10 STRAP DDX20 CLNS1A SRSF12 PRPF6 LSM4 GEMIN5 AAR2 PRPF31 RNU6-1 RNU5F-1 RNU5E-1 RNU5D-1 RNU5A-1 RNU5B-1 RNU4-2 RNU4-1 PRPF19 GEMIN4 PRMT7 GEMIN8 LSM2 SMN1 SMN2 SNRPB SNRPC SNRPD1 SNRPD2 SNRPD3 SNRPE SNRPF SNRPG USP4 WDR77 GEMIN7 GEMIN6 COIL GEMIN2 SART1 PRPF3 TGS1 SART3
mRNA 3'-splice site recognition,GO:0000389,SF3A1 SLU7 SF3A3 ISY1 SF1 SF3A2
spliceosomal conformational changes to generate catalytic conformation,GO:0000393,SNRNP200 YJU2 XAB2 ISY1 PRPF18
mRNA 5'-splice site recognition,GO:0000395,RNU4ATAC RNU6ATAC RNVU1-8 RNVU1-4 RNVU1-14 RNVU1-15 RNVU1-17 RNVU1-3 RNVU1-1 RNVU1-6 RNVU1-19 TAF12-DT PSIP1 SRSF12 RNU11 RNVU1-7 WEE2-AS1 PRPF39 RNU1-4 RNVU1-2A SRSF1 SFSWAP SNRPC
protein peptidyl-prolyl isomerization,GO:0000413,PPIF PPIE PPIH PPIAL4H FKBP1A FKBP1B FKBP4 FKBP5 PPWD1 PPIL6 NKTR PPIL1 PIN1 PPIL3 PPIA PPIB PPIC PPID FKBP1C PPIAL4G PPIAL4D PPIAL4A PPIAL4C PPIAL4F PPIAL4E PPIG
autophagy of mitochondrion,GO:0000422,HDAC6 DNM1L HUWE1 OPTN RNF41 HAX1 ATG7 CAMKK2 CERS1 CDC37 WDR45 PARK7 PHB2 GABARAP GABARAPL2 SPATA33 SPATA18 FUNDC1 CSNK2A2 CTSK MARK2 CTTN ATG14 ATG2A ATG4B ATP13A2 ARFIP2 GABARAPL1 GABARAPL3 FKBP8 FBXO7 ULK3 WIPI2 FBXL4 GBA1 HTRA2 RIMOC1 ATG9B SLC25A4 SLC25A5 GSK3A HTT HIF1A HK2 IRGM SNX30 MAP1LC3C CISD2 PRKN FIS1 SNX7 RETREG1 TOMM7 VPS13C WIPI1 ATG2B VPS13D FBXW7 PARL AMBRA1 ADCY10 WDR45B TIGAR USP36 NOD2 MAP1LC3B2 ATG3 PINK1 FUNDC2 BNIP3 BNIP3L SREBF1 SREBF2 TAFAZZIN TSPO TP53 TSC2 VDAC1 FZD5 ATG9A MUL1 MAP1LC3B ULK1 MAP1LC3A OGT USP30 ATG4D BECN1 SQSTM1 SLC25A46 ATG12 ATP5IF1 ATG5 ULK2 ATG13 RB1CC1 LRBA MFN2
mitophagy,GO:0000423,HDAC6 HUWE1 OPTN RNF41 CERS1 CDC37 PHB2 SPATA33 ATG14 ATG4B ARFIP2 HTRA2 RIMOC1 SLC25A4 SLC25A5 IRGM PRKN RETREG1 TOMM7 VPS13C VPS13D AMBRA1 ADCY10 TIGAR NOD2 PINK1 TAFAZZIN TP53 TSC2 VDAC1 MAP1LC3B OGT USP30 ATG4D BECN1 SQSTM1 ATG13 LRBA MFN2
pexophagy,GO:0000425,ATM PJVK PEX2 PEX5 USP30 SQSTM1
"endonucleolytic cleavage in ITS1 to separate SSU-rRNA from 5.8S rRNA and LSU-rRNA from tricistronic rRNA transcript (SSU-rRNA, 5.8S rRNA, LSU-rRNA)",GO:0000447,RCL1 RPP40 NOP9 RRS1 UTP20 ABT1 FCF1 RPS21 KRI1 NOP14
maturation of 5.8S rRNA,GO:0000460,RCL1 MPHOSPH6 NSA2 C1D RPP40 ERI2 EXOSC8 FTSJ3 NOP9 EXOSC7 RRS1 BOP1 EXOSC2 PES1 MTREX UTP20 ABT1 EIF6 EXOSC3 RRP15 FCF1 EXOSC9 EXOSC10 EXOSC4 WDR12 PRKDC RPS21 KRI1 ERI3 NOL9 RPF1 LAS1L MAK16 NOP14 ERI1 URB1
"maturation of SSU-rRNA from tricistronic rRNA transcript (SSU-rRNA, 5.8S rRNA, LSU-rRNA)",GO:0000462,RCL1 ENSG00000275464 TBL3 RPP40 NOP9 ERCC2 WDR43 RRS1 DCAF13 NGDN UTP25 UTP20 ABT1 GTF2H5 FCF1 HEATR1 TSR1 UTP6 UTP3 DHX37 PWP2 RPS8 RPS16 RPS19 RPS21 KRI1 BYSL NOL10 UTP23 UTP4 SLX9 NOP14 RRP36 TSR2 WDR46 BMS1
"maturation of LSU-rRNA from tricistronic rRNA transcript (SSU-rRNA, 5.8S rRNA, LSU-rRNA)",GO:0000463,RPL35 FTSJ3 RBM34 BOP1 PES1 GTPBP4 RPL7L1 ZNHIT6 WDR12 RPL7 NOL9 RPF2 NIFK DDX18 ZNHIT3 URB1
"maturation of 5.8S rRNA from tricistronic rRNA transcript (SSU-rRNA, 5.8S rRNA, LSU-rRNA)",GO:0000466,RCL1 RPP40 ERI2 EXOSC8 FTSJ3 NOP9 EXOSC7 RRS1 BOP1 EXOSC2 PES1 UTP20 ABT1 EXOSC3 FCF1 EXOSC9 EXOSC10 WDR12 RPS21 KRI1 ERI3 NOL9 NOP14 ERI1 URB1
maturation of LSU-rRNA,GO:0000470,NSA2 RPL35 FTSJ3 RBM34 BOP1 PES1 GTPBP4 RSL1D1 RPL7L1 EIF6 RPL10A SNU13 NOP2 RRP15 ZNHIT6 NHP2 WDR12 RPL7 RPL7A NOL9 RPF1 LAS1L RPF2 NIFK MAK16 DDX18 ZNHIT3 URB1
"endonucleolytic cleavage of tricistronic rRNA transcript (SSU-rRNA, 5.8S rRNA, LSU-rRNA)",GO:0000479,RCL1 TBL3 RPP40 NOP9 SDE2 RRS1 BOP1 UTP20 ABT1 FCF1 TSR1 RPS21 KRI1 NOL9 UTP23 NOP14 BMS1
"endonucleolytic cleavage in 5'-ETS of tricistronic rRNA transcript (SSU-rRNA, 5.8S rRNA, LSU-rRNA)",GO:0000480,RCL1 TBL3 NOP9 UTP20 ABT1 FCF1 UTP23 NOP14
small nucleolar ribonucleoprotein complex assembly,GO:0000491,RUVBL2 PIH1D2 NOPCHAP1 NUFIP1 SNU13 ZNHIT6 PIH1D1 SHQ1 TAF9 RUVBL1 NAF1 ZNHIT3
box C/D snoRNP assembly,GO:0000492,RUVBL2 PIH1D2 NOPCHAP1 NUFIP1 SNU13 ZNHIT6 PIH1D1 TAF9 RUVBL1 ZNHIT3
lncRNA-mediated post-transcriptional gene silencing,GO:0000512,DNM3OS KCNQ1OT1 NEAT1 TUSC8 MIAT GAS5 STAU1 OIP5-AS1 XIST SMAD5-AS1
embryonic axis specification,GO:0000578,BASP1 FRS2 TMED2 TDRKH RIPPLY2 DCANP1 MESP2 CTNNB1 TDRD5 PLD6 TDRD6 COBL TASOR TDRD7 C2CD3 HOXD8 LHX1 SMAD2 SMAD4 SMAD6 NRARP NEUROG1 TIFAB PCSK6 MESP1 TDRD1 PTCH1 EPB41L5 STIL TBXT TBX6 TBX3 TDGF1 WNT1 WNT5A WNT7A WT1 FZD5 CXXC4 CHRDL1 RIPPLY1 GDF3
resolution of meiotic recombination intermediates,GO:0000712,ANKLE1 EME1 SHOC1 HFM1 EME2 CENPX ERCC4 MEIOB CENPS MLH1 TEX11 FANCM TOP2A TOP2B RMI1 MUS81 SLX4
telomere maintenance via recombination,GO:0000722,RAD50 ERCC1 ERCC4 SMC5 NSMCE2 RAD51 RAD51C RAD51D BRCA2 TEP1 TERF2 XRCC1 XRCC3 SMC6
telomere maintenance,GO:0000723,TEN1 PARP3 RAD50 MCRS1 MAD2L2 CCT7 CCT4 CCT2 CCT8 PTGES3 RUVBL2 SHLD3 PNKP INO80C HUS1B NEK7 PARP1 SHLD1 CTNNB1 ZNF827 DCP2 DHX36 DKC1 DNA2 NSMCE1 ZSCAN4 ERCC1 ERCC4 LTO1 FEN1 MAPK15 ZNF365 CCT5 SMG1 SMC5 SMG6 SMG5 TFIP11 SPDYA XRCC6 POT1 FBXO4 TINF2 GNL3 INO80E NSMCE2 TFPT ZBTB48 HNRNPA1 HNRNPA2B1 HNRNPC HNRNPD HNRNPU APEX1 HSP90AA1 HSP90AB1 HUS1 MAP3K4 MRE11 MYC NBN ATM NEK2 NFRKB EID3 SMARCAL1 PARN PCNA UCHL5 SIRT6 RTEL1 PML EXOSC10 TERF2IP GAR1 XRN1 ATR SHLD2 GNL3L ATRX INO80 NSMCE4A SLX1A INO80D PINX1 WRAP53 PPP1R10 RIF1 NAT10 NOP10 NHP2 PKIB SLF2 HDAC8 PRKCQ PRKDC MAPK1 MAPK3 MAP2K7 NSMCE3 YLPM1 RAD51 RAD51C RAD51D UPF1 RFC1 RPA1 RPA2 RPA3 BLM TENT4B DCLRE1C DCLRE1B ACD SP100 SRC BRCA2 TCP1 TEP1 TERC TERF1 TERF2 TERT CCT3 WRN XRCC1 XRCC3 XRCC5 YY1 USP7 SLX1B NABP2 HMBOX1 SMC6 ACTR5 STN1 PIF1 CTC1 TNKS2 INO80B SLF1 SLX4 TNKS1BP1 MAPKAPK5 ACTL6A RUVBL1 TNKS CCNE1 CCT6A CCNE2 EXO1 AURKB NAF1 ACTR8 RECQL4 TELO2
recombinational repair,GO:0000725,ACTR2 PSMD14 MAD2L2 KAT5 RAD51AP1 POLQ RUVBL2 BRD8 MORF4L1 CHD4 CHEK1 DMC1 SHLD3 HELQ CGAS RMI2 SFR1 ZSWIM7 SWSAP1 ANKLE1 HUS1B PARP1 KASH5 SHLD1 PPP4R2 KHDC3L MCMDC2 USP51 ARID2 NSMCE1 ERCC4 ERCC5 ERCC6 FANCB FEN1 ZNF365 FAN1 KDM1A POGZ SMC5 SMCHD1 ZFYVE26 SPIDR ZMYND8 ABL1 FUS MMS22L RNF169 MCM9 MEIOB XRCC6 RAD54B NIPBL SAMHD1 EPC2 SENP3 POLL NSMCE2 SETD2 UHRF1 RPA4 H2AX HUS1 GEN1 POLN SWI5 KMT5A LIG3 MCM2 MCM3 MCM4 MCM5 MCM6 MCM7 MRE11 OOEP NBN ATM TONSL EID3 MRNIP RNF138 SIRT6 PIAS4 GINS2 RTEL1 TERF2IP SHLD2 ING3 INO80 NSMCE4A MBTD1 SLX1A PARPBP RADX WRAP53 RFWD3 RIF1 EXD2 MRGBP PPP4C AP5S1 KDM4D SLF2 DMAP1 TEX15 NSMCE3 UBQLN4 WDR48 EP400 FANCM INIP RAD21 RAD51 RAD51C RAD51B RAD51D RAD52 RBBP8 RECQL REV3L ACTB RPA1 RPA2 RPA3 FIGNL1 BLM MAGEF1 SFPQ MMS19 RAD21L1 NUCKS1 MEAF6 NABP1 INTS3 BRCA1 BRCA2 VPS72 TOP3A TP53BP1 UBE2N WAS WRN XRCC1 XRCC2 XRCC3 XRCC5 YY1 HROB AUNIP SLX1B NABP2 SMC6 PALB2 RMI1 MUS81 KLHL15 EPC1 YEATS4 TRRAP CDC7 CDC45 RHNO1 SLF1 GINS4 RAD54L SLX4 MCM8 HDGFL2 FBH1 ACTL6A RUVBL1 TIMELESS HELB RECQL5 RECQL4 MORF4L2 AP5Z1 REC8
double-strand break repair via break-induced replication,GO:0000727,MCMDC2 MCM2 MCM3 MCM4 MCM5 MCM6 MCM7 GINS2 MUS81 CDC7 CDC45 GINS4
DNA double-strand break processing,GO:0000729,RAD50 HELQ DNA2 SPO11 C14orf39 MRE11 NBN RNF138 SLX1A EXD2 SMARCAD1 RAD52 RBBP8 BLM SETMAR UBE2N UBE2V2 SLX1B BRIP1 SLX4 HELB
DNA synthesis involved in DNA repair,GO:0000731,CDKN2D MAD2L2 POLD3 POLI TREX1 USP43 FAAP20 PRIMPOL ZBTB1 SIRT1 RCHY1 POLDIP2 POLN RRM2B PCNA POLK REV1 DTL POLA1 POLD1 POLD2 POLE POLE2 POLH TEX12 WRNIP1 POLD4 REV3L RFC3 RRM1 SYCP1 USP1 VCP WRN HROB SPRTN SPATA22 PARP10 USP10 PCLAF
sister chromatid segregation,GO:0000819,PDCD6IP CHMP4BP1 SMC4 AKAP8 STAG1 KATNB1 NDC80 MAD2L2 TACC3 PIBF1 KAT5 DCTN2 SMC2 CENPC SPAG5 CENPE CENPF NUDC STAG2 NEK6 KIF2C TENT4A UBE2C ZWINT CHEK2 CDCA5 RMI2 PRAP1 MISP CCSAP CHMP4B DIS3L2 PRICKLE1 KIF18B SPC24 PHF13 SPICE1 DUSP1 ARID2 MAPK15 MAPRE1 TPX2 WAPL CLASP2 FLNA ABRAXAS2 RRS1 NCAPD3 CLASP1 NCAPH NUP62 KIF4A CENPI EML3 NIPBL ANAPC15 NSL1 CHMP2B LSM14A POLDIP2 FBXO5 AKAP8L TUBG2 VPS4A CHMP2A EML4 GOLGA2 CHAMP1 KIF4B NSMCE2 CHMP4A BRD7 RACGAP1 NCAPH2 ANAPC2 ANAPC4 HNRNPU APC HSPA1A HSPA1B BIRC5 GEN1 IK INCENP KIF2A KIF11 KIFC1 KIF25 KIF22 KPNB1 RHOA KMT5A MAD2L1 MOS MZT1 MYBL2 ATM DRG1 NEK2 NUMA1 WRAP73 RMDN1 DYNC1LI1 CHMP1A NUSAP1 ACTL6B ANAPC5 ANAPC7 LCMT1 CHMP5 ANAPC11 CHMP3 MAP3K20 PLK1 INO80 MAP10 NCAPG2 SPDL1 PINX1 ZWILCH CEP192 CDCA8 CEP55 PPP2R1A PBRM1 PHF10 CHFR CDK5RAP2 RIOK2 PCID2 TEX14 BCCIP PSMG2 KNL1 CHMP1B SPC25 ARID1B HECW2 RAD21 RAN RB1 DPF2 ACTB BCL7A CENPK NCAPG ANAPC1 SMARCA2 SMARCA4 SMARCB1 SMARCC1 SMARCC2 SMARCD1 SMARCD2 SMARCD3 SMARCE1 AURKC BUB1 BUB1B TOP2A TOP2B TPR TTK TTN TUBG1 CCDC61 XRCC3 ZNF207 MIS12 CEP97 CHMP6 MAP9 DSN1 ANKRD53 AAAS DPF3 CDT1 SEH1L DPF1 KIF18A SMC1A ARID1A NUF2 MAD1L1 HASPIN USP44 ABRAXAS1 CUL3 SMARCA5 PSRC1 OFD1 KLHL22 ACTL6A BECN1 CDC23 RAB11A KAT2B CDC16 CCNB1 BAZ1B KNSTRN PRC1 KIFC2 LATS1 SMC3 BOD1 CHMP7 ZW10 BUB3 AURKB CHMP4C BCL7C BCL7B TRIP13 KIF3B KIF23 VPS4B MAD2L1BP ARHGEF10 ESPL1 KNTC1 DLGAP5 CDK1 CDC6 CDC20 NCAPD2 KIF14 CDC27
regulation of glutamine family amino acid metabolic process,GO:0000820,CLN3 SIRT4 SLC7A11 MIR21 ATP2B4 ATCAY SLC7A7 NR1H4
cytokinesis,GO:0000910,PDCD6IP CHMP4BP1 ACTR3 ACTR2 KIF20A CENPA STAMBP EXOC5 CETN2 CFL1 GIPC1 IQGAP2 SEPTIN9 ENTR1 JTB RAB35 CIT SNX18 DCTN3 EXOC3 EFHC1 CNTROB MRGPRX2 SEPTIN12 PLK3 IQGAP3 CHMP4B MITD1 E2F7 EXOC8 SEPTIN10 ROPN1B CDC14C SEPTIN1 DRD2 DRD3 ECT2 KLHDC8B CENPV FLCN SEPTIN6 SEPTIN8 EXOC6B EXOC7 ZFYVE26 NUP62 KIF4A SNX33 AHCTF1 CHMP2B POLDIP2 OR1A2 OPN1MW CKAP2 VPS4A CHMP2A CECR2 KIF4B ANK3 GIT1 SETD2 CHMP4A RACGAP1 PIK3R4 ANXA11 APC BIRC5 DCDC1 SEPTIN14 IGF1R INCENP ARF1 RHOA RHOB RHOC STMN1 ARL3 MYH9 MYH10 SEPTIN2 ORC4 TAS2R13 SH3GLB1 CHMP1A NUSAP1 RXFP3 SNX9 CHMP5 CHMP3 PIK3C3 PIN1 PLEC PLK1 SEPTIN5 SEPTIN4 ANLN EXOC6 MAP10 ALKBH4 TTC19 CDCA8 CEP55 TRIM36 PRPF40A SEPTIN11 EXOC1 EXOC2 PRKCE PKN2 BIN3 KLHL9 SEPTIN3 TEX14 FMN2 SPIRE1 PDXP CHMP1B BIRC6 BBS4 RASA1 OPN1LW BCL2L1 EXOC4 ROCK1 RTKN KIF13A CXCR5 WNK1 SON SPAST SPTBN1 BRCA2 SSTR5 AURKA AURKC SVIL OPN1MW2 UVRAG FSD1 NOX5 OR2A4 CHMP6 E2F8 CSPP1 MAP9 ANKRD53 CALM1 MYO19 CALM2 CALM3 TAS1R2 SHCBP1L RAB11FIP4 LZTS2 SPIRE2 CUL3 ZFYVE19 PKP4 CDC14B CDC14A BECN1 RAB11A IQGAP1 TMEM250 KLHL13 PRC1 UNC119 USP8 CHMP7 AURKB CHMP4C KIF3B ROCK2 KIF23 VPS4B KIF20B ESPL1 RAB11FIP3 CCP110 IST1 CUL7 SEPTIN7 WASHC5 CDC6 KLHL21 KIF14 CDC25B CDC42
nuclear-transcribed mRNA catabolic process,GO:0000956,TOB1 SYNCRIP PAIP1 IGF2BP1 HBS1L RNPS1 PNRC1 TENT4A EXOSC8 NT5C3B EXOSC6 DIS3L2 RC3H1 PNLDC1 DDX5 DHX9 TENT2 DCP2 DHX36 DXO DCP1B PATL2 PDE12 ETF1 PATL1 CASC3 XRN2 CPEB3 DIS3 NCBP2 EXOSC7 CNOT1 SAMD4A SMG1 TNRC6B SMG6 TUT4 SMG5 EXOSC2 EDC4 GSPT2 CNOT6L PAN3 LSM4 NOCT CNOT10 UPF2 AGO1 PABPC1 AGO2 LSM1 TNRC6A DCPS GSPT1 CNOT7 A1CF HNRNPAB HNRNPD HNRNPU APOBEC1 NANOS2 NANOS1 NANOS3 EIF3E PABPN1L CAPRIN1 MAGOH MLH1 NCBP1 ATM CNOT2 CNOT3 CNOT4 YBX1 PARN EXOSC3 MRTO4 NBAS LSM7 PELO EXOSC9 EXOSC10 POLR2G XRN1 EXOSC4 RC3H2 NBDY SAMD4B MAGOHB MTPAP SMG8 CNOT11 PNRC2 DCP1A SMG9 EIF4ENIF1 EXOSC5 CNOT6 TNRC6C UPF1 TENT4B TUT1 SKIC2 UPF3B UPF3A SSB ZFP36L1 ZFP36L2 ZFP36 CSDE1 BTG2 SECISBP2 TUT7 ZC3H12A EDC3 SKIC8 ZCCHC7 PYM1 TNKS1BP1 ERI1 CNOT9 CNOT8 SKIC3 DHX34 EIF4A3 CTIF SMG7 PAN2 RBM8A THRAP3
mitochondrial RNA catabolic process,GO:0000957,LRPPRC PDE12 GRSF1 SUPV3L1 SLIRP PNPT1
mitochondrial RNA metabolic process,GO:0000959,LRPPRC WARS2 FASTK EARS2 MTERF4 PPARGC1B PDE12 FASTKD2 FOXO3 MTO1 GARS1 GRSF1 HSD17B10 CHCHD10 MTERF3 YARS2 TRNT1 TFB1M MTRES1 CDK5RAP1 POLRMT TRIT1 TRMT10C SARS2 TRMT61B DARS2 PRKAA1 TWNK THAP11 AARS2 TRMT5 FASTKD5 ELAC2 MRPL12 TFB2M METTL4 SUPV3L1 TFAM FASTKD3 FASTKD1 TEFM MTERF1 METTL8 TARS2 MTERF2 PUS1 SLIRP SLC25A33 RPUSD4 PNPT1 TBRG4 PRORP
regulation of mitochondrial RNA catabolic process,GO:0000960,LRPPRC GRSF1 SUPV3L1 SLIRP PNPT1
mitochondrial RNA processing,GO:0000963,FASTK FASTKD2 MTO1 HSD17B10 TRNT1 CDK5RAP1 TRIT1 TRMT10C TRMT61B TRMT5 FASTKD5 ELAC2 SUPV3L1 FASTKD3 FASTKD1 METTL8 PUS1 RPUSD4 PNPT1 TBRG4 PRORP
RNA 5'-end processing,GO:0000966,POP7 RPP30 RPP38 TBL3 POP4 RPP40 POP1 RPP14 RPP25L NOP9 UTP20 ABT1 HSD17B10 POP5 RPP25 TRMT10C THG1L SSB RPP21 NOP14 PNPT1 PRORP
rRNA 5'-end processing,GO:0000967,TBL3 NOP9 UTP20 ABT1 NOP14
transcription-dependent tethering of RNA polymerase II gene DNA at nuclear periphery,GO:0000972,NUP98 NUP133 PCID2 NUP107 RAE1 LDB1 NUP155
response to acid chemical,GO:0001101,MIR762 CDKN1B RRAGB CDO1 KLF2 BAIAP2 CEBPB LAMTOR5 RRAGA CHUK COL1A1 COL1A2 COL3A1 COL4A1 COL4A6 COL5A2 COL6A1 COL16A1 CPS1 SESN3 SLC38A9 CYBB BMT2 SPAAR NQO1 DNMT1 DNMT3A EDN1 EGFR EIF2S1 UBR1 EP300 ALAD F7 GPRC6A CPEB3 UBR2 UFL1 SH3BP4 MTOR FYN NSMF FGF21 GDF10 GHSR GIP SESN1 GCLC GCLM GLRA1 GLRA2 GRIA1 LAMTOR2 GRIN1 HMGCS2 HNRNPD HPCA HSF1 IGF1R CASTOR3P AQP2 PDX1 KCNB1 IPO5 KRT8 LAMTOR4 LYN MIR224 MIR92A1 MIR95 MMP2 MIR342 ASS1 MTHFR MYD88 NTRK1 NTRK2 ATP2B4 PCK1 PCNA LARS1 PDGFRA PIK3CA PKD2 BCL11A PLEC ATP7A CRLS1 LAMTOR1 AVPR1A PDGFC AMIGO1 RPTOR STAMBPL1 MEAK7 RRAGD BCL2 RELA BCL2L1 BCL2L2 MIR455 RPS6KB1 RRAGC CPEB1 SIPA1 SIX1 SLC1A2 CASTOR1 MIR545 SST TAF9 MIR421 ZEB1 TMBIM6 TNF CASTOR2 UMOD VEGFA XBP1 TUBA1A GLRA3 PDGFD CPEB4 PNPLA3 COL18A1 SLC7A5 CAPN2 CASP3 SESN2 CUL3 PPP1R9B KLHL22 LRP11 LAMTOR3 SOCS1 PKD2L1 AIFM1 NEURL1 TOMM20 TOMM70 RBX1
RNA polymerase I preinitiation complex assembly,GO:0001188,BAZ2A RRN3 UBTFL1 UBTFL6 POLR1E SMARCA4 SMARCB1 UBTF TAF1C TAF1B
formation of extrachromosomal circular DNA,GO:0001325,DNA2 ERCC1 NBN SMARCAL1 RTEL1 SLX1A BLM TERF1 TERF2 WRN XRCC3 XRCC5 SLX1B SLX4 EXO1
guanine nucleotide transport,GO:0001408,ABCC5 ABCC4 LRRC8D LRRC8A SLC46A2 SLC17A9 SLC19A1 LRRC8E LRRC8C
cartilage condensation,GO:0001502,COL2A1 COL11A1 MAPK14 CCN2 FGF4 FGF6 UNCX MGP MYF5 PKD1 SOX6 OTOR BMP1 BMPR1B SOX5 SOX9 THRA WNT7A BARX2
ossification,GO:0001503,MIR675 MIR665 CDH11 TOB1 CLEC3A ALYREF CDK6 LRRC17 ZMPSTE24 FSTL3 ENSG00000274276 ADAR TCIRG1 YAP1 SYNCRIP CEBPA SEMA4D CEBPB MYBBP1A CEBPD IPO7 EBP SIX2 TOB2 FERMT2 KCNQ1OT1 ADAMTS7 CTHRC1 OSR2 TWIST2 CLIC1 CLTC SP7 CCR1 DNAI3 COL1A1 COL1A2 COL2A1 COL5A2 COL6A1 COL11A1 OSR1 COL13A1 COMP PPARGC1B RIPPLY2 MAPK14 CSF1 PRICKLE1 RFLNA VCAN NOTUM CCN2 CTNNB1 ERFE CTSK ADRB2 CYP24A1 CYP27B1 PHOSPHO1 DDX5 DHX9 SGMS2 TMEM64 DHX36 DLX5 DMP1 JAG1 SLC26A2 ECM1 S1PR1 EGFR EGR2 ANO6 EPHA2 AHSG TAPT1 RANBP3L ERCC2 AKT1 FBL EXT1 EXT2 PTK2B FASN FBN2 UCMA SCUBE3 FGF2 FGF9 FGFR3 FGFR2 FGR FHL2 RRAS2 ITGA11 CHSY1 SBNO2 DKK1 FOXC1 SNRNP200 FOXC2 ZHX3 MESD SATB2 DNAJC13 SUN1 UFL1 FOSL2 GTPBP4 CLEC5A ALOX5 ALOX15 ALPL GABBR1 NPNT BAMBI NOCT NIPBL METTL7A ASF1A CHRDL2 WWTR1 RSL1D1 GATA1 FBXO5 AMELX OSTF1 GDF2 GREM1 GDF10 SND1 INTU GPC3 RBMX GLI1 GLI2 GLI3 GPLD1 GPM6B IGSF10 GIT1 SETD2 GSK3B SNX10 H3-3A H3-3B SOX8 HGF HIF1A HNRNPC HNRNPU HOXA2 HSD17B4 HSPE1 TNC IARS1 IBSP FFAR4 TMEM119 ID3 ID4 RSPO2 OSTN IGF1 IGF2 IGFBP3 IGFBP5 CCN1 RBPJ BMP8A IHH IL6 IL6R IL6ST RFLNB ILK INPPL1 JUNB JUND AREG RHOA IFITM5 LEP LOX LRP3 LRP4 LRP5 LTBP3 LTF MIR100 MIR106A MIR125B1 MIR138-1 MIR140 MIR17 MIR18A MIR20A MIR200C MIR205 MIR208A MIR21 MIR210 MIR214 MIR24-1 MIR27A MIR29B1 MIR30B MIR9-1 MIR93 MIR98 NBR1 SMAD1 SMAD3 SMAD4 SMAD5 SMAD6 SMAD7 MATN1 MDK MEF2C MEF2D MEN1 MGP ACHE MMP2 MMP13 MMP14 MMP16 MN1 MIR346 CITED1 MSX2 MYF5 MYOC MYOG NAB1 NAB2 ATF4 NELL1 NF1 NOTCH1 NPPC NPR2 ATP2B1 ROR2 DDR2 P2RX7 ATP5F1B ATP6V0A4 DHH PBX1 SOST PAM16 SBDS LEF1 CRIM1 ATRAID SUCO SIRT7 HDAC7 ENPP1 SUFU WWOX PENK PEX7 PHB1 ATP6V1B1 PHEX PLXNB1 WNT4 PPARG TRPM4 ASPN GDPD2 BCOR BPNT2 TMEM38B PPP3CA HEMGN LGR4 SMPD3 SRGN BMP2K TENT5A PRKACA TXLNG CSGALNACT1 ADCY10 PRKD1 MAPK1 MAPK3 BCAP29 MAPK11 MAP2K6 ANKH FAM20C CTNNBIP1 CCDC47 PSMC2 TWSG1 PTCH1 PTGER4 MIR20B PTH SLC24A3 PTGS2 PTHLH PTH1R PTK2 IFT80 PTN RDH14 PTPN11 TP53INP2 BCL2 REST RORB RPL38 RPS15 RRBP1 RXRA RXRB RYR1 SORT1 BGLAP CLEC11A CCL3 TNN FIGNL1 SMOC1 GFRA4 XYLT1 SFRP1 SFRP2 SCX CCDC154 SHH SHOX2 BMP1 SKI BMP2 BMP3 BMP4 BMP5 BMP6 SLC8A1 BMP7 BMP8B SLC34A1 BMPR1A SLC20A2 BMPR1B BMPR2 SNAI2 SMO SNAI1 SOX2 SOX9 SOX11 SP3 SPP1 STATH STC1 TACR1 MIR548D1 TEK TFAP2A THBS3 THRA KLF10 CLEC3B TNF TNFAIP6 TPH1 TPM4 TRAF6 TUFT1 HIRA TWIST1 VDR VEGFC WNT3 WNT5A WNT7B WNT10B WNT11 ZBTB16 FBXL15 KREMEN2 CALCA TMEM53 RIOX1 CCDC134 CALCR FGF23 KAZALD1 ADAMTS12 GDF5 AXIN2 FZD1 FZD9 KREMEN1 ADGRV1 CASR CAT SEMA7A IFITM1 RUNX2 TNFSF11 RUNX1 TP63 RUNX3 DCHS1 CHRD CBFB CBS TNFRSF11A FGF18 CCN4 ACTN3 WNT3A LIMD1 ACVR1 CREB3L1 PKDCC CHRDL1 DDX21 ACVR2A NOG DHRS3 PDLIM7 ACVR2B CER1 KL EIF2AK3 HAND2 MINPP1 ISG15 RASSF2 MRC2 ZBTB40 NR1I3
neurotransmitter uptake,GO:0001504,FLOT1 PARK7 SLC18B1 DRD1 DRD2 DRD3 DRD4 TOR1A SLC29A1 CLN8 SLC29A4 SLC17A8 GDNF GFAP GPM6B SLC29A2 ITGB1 ITGB3 KCNJ10 ATP1A2 NOS1 PRKN RAB3B SLC1A2 SLC1A3 SLC1A6 SLC1A7 SLC6A1 SLC6A2 SLC6A3 SLC6A4 SLC6A11 SLC6A12 SLC6A13 SLC18A1 SLC18A2 SLC18A3 SLC22A1 SLC22A3 SLC22A2 SNAP25 SNCA SLC38A1 PER2 SYNGR3
action potential,GO:0001508,KCNE3 HCN4 GJC1 ABCC9 AKAP9 KCNMB2 SCN11A CHRNA1 CHRNA4 CHRNB2 CHRNB4 CLCN1 CLN3 CNR1 CNR2 ADRA1A CLDN19 CXADR TMEM161B DLG1 DMD DRD1 DSC2 DSG2 DSP FGF12 FGF13 FKBP1B FLNA GPD1L FMR1 NEDD4L KCNE5 KCNE4 MTOR GBA1 GJA1 GJA5 KCNMB3 KCNMB4 BIN1 GLRA1 GNA11 GNA15 GNAQ GPER1 GPR35 ANK2 ANK3 GRIA1 GRIK2 RANGRF CTNNA3 KCNIP2 HCN1 JUP KCNA1 KCNA2 KCNA5 KCNB1 KCNC2 KCND2 KCND3 KCNE1 KCNH2 KCNJ2 KCNJ3 KCNJ5 KCNJ8 KCNJ11 KCNN2 KCNQ1 KCNQ3 RNF207 MIR1-1 MIR133A1 MIR208A MECP2 MIR328 MTNR1B NDP ATP1A1 ATP1A2 ATP1B1 ATP2A2 NPR2 NRCAM NTRK2 P2RX1 P2RX4 PKP2 GPR88 USP53 TRPM4 SCN3B GJD2 PTPN3 NPS HCN2 RYR2 SCN1A SCN1B SCN2B SCN4A SCN4B SCN5A SCN8A SCN10A SLC4A3 SLC8A2 SLC8A1 SLC9A1 SNTA1 SOD1 SRI TACR1 TNF SUMO1 YWHAE YWHAH CACNA1C CACNA1D CACNA2D1 CACNB2 CACNB3 CACNB4 SLMAP MYH14 CALM1 CALM3 KCNH6 CAMK2D CNTNAP1 KCNAB2 CAV1 CAV3 CACNA1I CACNA1G KCNH7 TBX18 AKAP6 CD36 GNA14 NUP155 NOS1AP KCNE2
RNA methylation,GO:0001510,METTL15P1 EMG1 WDR4 WDR6 HENMT1 BUD23 TRMT61A FTSJ3 TYW3 METTL6 BCDIN3D TRMT44 NSUN5P1 TRMT10B TRDMT1 METTL15 AKT1 FBL NSUN6 CMTR1 ZC3H13 FTSJ1 MTO1 METTL7A THUMPD3 VIRMA NSUN5P2 TRMT2A DIMT1 ZCCHC4 METTL5 RBM15B MRM2 HSD17B10 METTL2A FBLL1 RAMACL NSUN4 METTL1 NOP2 METTL25B TFB1M TRMT112 TRMO LARP7 TRMT6 TRMT13 NSUN2 TRMT10C TRMT61B TRMT12 DALRD3 MRM3 TRMT1 NSUN5 CMTR2 METTL2B MEPCE METTL3 TRMT5 TRMT9B METTL14 TRMT11 THADA NSUN3 PCIF1 TFB2M RBM15 METTL4 SNRPB SNRPD1 SNRPD2 SNRPD3 SNRPE SNRPF SNRPG TARBP1 METTL16 METTL8 CBLL1 MRM1 TRMT2B THUMPD2 TRMT1L RAMAC GTPBP3 RNMT ALKBH8 FDXACB1 TRMT10A WTAP TGS1 LCMT2
pseudouridine synthesis,GO:0001522,RPUSD1 TSR3 PUSL1 TRUB1 PUS10 DKC1 TRUB2 RPUSD2 RPUSD3 GAR1 PUS7 NOP10 NHP2 PUS1 PUS7L PUS3 RPUSD4 NAF1
cilium or flagellum-dependent cell motility,GO:0001539,SPEM3 ADCY3 CELF3 CHRNA7 EFHC1 ODAD3 CATSPER1 CATSPER2 CCDC38 TPPP2 CCR6 DNAI3 DNAH14 IQCF1 SLC9B2 DNAAF6 DNHD1 CFAP251 CFAP54 TEKT5 DNAH2 CFAP52 KLC3 SLC9B1 TEKT4 C2CD6 ROPN1B CFAP206 CFAP58 GARIN2 TBC1D21 TTLL9 TTLL8 DEFB1 DNAH5 DNAH6 DNAH8 DNAH9 DNAH10 TTC21A CFAP221 TCTE1 PRSS55 ENKUR RSPH9 ARMC12 DZIP1 CEP131 VPS13A DNAAF11 GAS2L2 TAC4 CFAP65 CATSPERE CATSPERD CFAP45 TTLL1 CATSPERZ DPCD DNAH1 TTLL3 NPHP4 GAS8 GAPDHS DNAI1 GK2 TEKT2 TSSK4 CFAP97D1 TTLL6 SLC9C1 EFCAB9 CFAP157 CFAP47 IFT81 CFAP20 DNAJA1 APOB RNASE10 CCDC39 RSPH4A CATSPER3 ING2 INPP5B SPEM1 PFN4 CATSPER4 ENO4 TEX43 LDHC HOATZ FSIP2 SMCP PGAM4 ATP1A4 ATP2B4 PLA2G3 NME8 PGK2 PLTP SEPTIN4 DDX4 LZTFL1 ROPN1 CFAP46 TTC12 CCDC40 DNAAF2 MNS1 DNAH3 INTS13 CFAP44 ASH1L DNAH7 EPPIN BBS1 BBS2 BBS4 PRM3 RFX3 PRDM14 SEMG1 SEMG2 KIF9 MEIG1 TEKT3 SORD TACR2 TACR1 TACR3 TMF1 TNP1 MAFIP UBE2B VDAC3 SPAG16 CLXN DYNC2H1 CFAP69 SPEF2 CFAP43 RSPH6A SLIRP MKKS TEX101 TEKT1 ROPN1L ARMC2 QRICH2 IQCG DRC7 SLC22A16 CABS1 CCDC65 DNAH17 DNAH11 AKAP4 RGN NEURL1 TPGS1 DRC1 SLC22A14 SPAG6
ovarian follicle development,GO:0001541,CEBPB CGA DMC1 CTNNA1 EREG ESR1 FANCG FOXC1 SPO11 FSHB FSHR GAS2 AMH GNRH1 ANG GPR149 INHA INHBA INHBB KDR KIT LFNG LHCGR SMAD4 KITLG MMP2 MMP14 MSH4 ATM NPPC NPR2 SCAPER PTX3 BAX BCL2 BCL2L1 DMRTA1 BMPR1B SOD1 FOXL2 SRC TAF4 TNFAIP6 UBE3A VEGFA VGF ZFX ZP3 HYAL3 IMMP2L EIF2B4 EIF2B2 EIF2B5 UMODL1 ZNF830 PCYT1B
antral ovarian follicle growth,GO:0001547,EREG ESR1 GAS2 GPR149 NPPC NPR2 SCAPER PTX3 BMPR1B TNFAIP6 ZP3
luteinization,GO:0001553,A2M NR5A1 GDF9 INHBA MMP2 PDGFRA RETN PTPRN PLEKHA1 STAT5B FZD4 SGPL1
luteolysis,GO:0001554,NOTCH1 ROBO2 SLIT3 CASP2 CASP3 SLIT2
oocyte maturation,GO:0001556,DMC1 RXFP2 EDN1 EDNRA EREG PTK2B OOSP2 SIRT2 TUT4 FBXO5 ANG H3-3A H3-3B ZAR1 TUBB8 INSL3 NPPC NPR2 WEE2 PDE3A YTHDF2 PPP2R1A RPS6KA2 BNC1 SHB ZAR1L BRCA2 AURKA TUT7 TRIP13 WASHC5 CDC25B REC8
regulation of cell growth,GO:0001558,HDAC6 CDH4 PARP2 C8orf44-SGK3 MUC12 SGK2 ADAM10 CDK5 NME6 RASGRP2 CDKN1A CDKN1B NET1 CDKN2A PAK4 CDKN2C CDKN2D SEMA3A RACK1 YAP1 OLFM1 MAD2L2 SEMA6C SEMA6B SEMA4F SEMA4D SEMA4B SEMA3C CIB1 DNPH1 CGRRF1 NRG3 CCDC85B OGFR CEP43 KAT7 FAM107A EGLN2 TWF2 RNF157 CISH PABIR1 ZFYVE27 DCUN1D3 SYT2 DCBLD2 TRIM40 MTPN CRABP2 CRKL CRYAB CSNK2A1 DACT3 TTL CPNE9 CYP27B1 DAB2 DCC DDX3X DNM2 DSCAM AGT HBEGF AGTR1 AGTR2 EDN1 EFNA5 MEGF8 EGFR EIF4G1 EIF4G2 CTTN ENO1 NAIF1 EPHA7 ERBB2 AKT1 ESR2 EXTL3 F2 PTK2B FBP1 PI16 ARMC12 BRAT1 SEMA3D FGF13 FHL1 CLSTN1 RUFY3 TRIM32 RIMS1 RAB21 UNC13A FSTL4 SPART CYFIP1 MINAR1 NEDD4L JADE2 FN1 PUM2 ADNP EXOSC2 MACF1 LPAR3 SH3BP4 SGK3 FXN MTOR FRZB ABL1 RICTOR G6PD SIN3A KIF26A GDF2 GREM1 GDF9 GDI1 GJA1 FOXP1 DISC1 TP53TG5 BMP10 TMEM97 GNG4 GOLGA4 SFN LAMTOR2 N6AMT1 GSK3A GSK3B ANAPC2 SERTAD3 OSGIN1 H3-3A H3-3B HNF4A HPN HRG DNAJB2 HSPA1A HSPA1B TNC HYAL1 NANOS1 BARHL2 OSTN IGFBPL1 IFRD1 IGF1 APOE IGFBP1 IGFBP3 IGFBP4 IGFBP5 IGFBP7 IL2 IL9 ING1 INHBA INS DRAXIN KRT17 L1CAM ARHGAP4 LIMK1 ST20 LMX1A SYT14P1 MIR199A1 MIR199B MIR19A MIR19B1 MIR208A SMAD3 SMAD4 SMAD7 MAG MAP1B MAP2 MAPT MECP2 MELTF MMP14 H3-5 MSX1 MT3 MYL2 NUBP1 NCBP1 NDUFS3 NGF NKX6-1 CCN3 NPM1 NPPB NPR1 NRCAM PAFAH1B1 ITSN2 PRKN DERL2 NDUFA13 ADIPOR1 ING4 ZNF639 PLCE1 CDKL3 CRLF3 TRPV2 IP6K2 TAF9B ENPP1 SYT17 PHB1 SERPINE2 BCL11A PML EXOSC9 SEMA5B EXOSC4 DDX49 POU4F2 INO80 PPARA CDHR2 ST7L SEMA4C LAMTOR1 USP47 AVP PPP2CA PPP2R1A AVPR1A ATAD3A PPT1 MEG3 IL17RB PLXNA3 CDKN2AIP PRR5 ADCY10 EAF2 PRKCQ MAP2K5 PRSS2 SPHK2 SEMA3G RGMA PRDM11 CHPT1 RTN4 PAK5 SMURF1 PSMD10 NDRG3 RPTOR SEMA6A DIP2B ISLR2 SHTN1 CPNE5 SEMA4G CCAR2 PTPRJ PTPRS WFDC1 CXCL16 RB1 CACNG7 RBBP7 BCL2 RGS2 RGS4 BCL6 RNF6 PAPPA2 ROS1 RPS6KA1 RPS6KA3 BDKRB1 RYK BDNF S100A8 S100A9 CEACAM1 SDCBP CXCL12 SEMA3F TSPYL2 SEMA4A SFRP1 MLST8 SFRP2 SOX17 SGK1 MEAF6 SIPA1 RTN4R SLC9A1 SLIT1 SLIT3 BMPR2 SMARCA2 SMARCA4 SMARCB1 CAPRIN2 SPOCK1 SPP1 BRCA1 SRF CDKL5 STK11 SUPV3L1 BST2 SYT1 SYT4 ADAM17 BTG1 TEAD1 TFRC TGFB1 TGFB2 TGFBR1 TNR TP53 TRPC5 TSG101 CDK11A OSGIN2 UCN VEGFA WNT3 WNT5A WNT11 WT1 YY1 DDR1 CXCR4 SEMA3B MAPKAP1 CDC73 MUL1 JADE1 SEMA6D TRIM46 SLC44A4 DCSTAMP RND2 KAZALD1 CAMK2D BAP1 RAB33B SESN2 ITCH ULK1 BLTP1 LTBP4 SYT3 DCUN1D5 TCHP SLC25A33 ING5 RASAL1 KDM2B PPP1R9B HDGFL2 PSRC1 SEMA7A KLHL22 MFSD2A RERG CAV3 PTCH2 HYAL2 URI1 ADAM15 NRP1 SOCS2 SPHK1 WNT3A SEMA5A SPAG9 ACVR1B CTDP1 PLXNA4 EBAG9 MAP3K13 LGI1 SCGB3A1 TAOK2 SLIT2 CPNE6 MYOCD PLAA ACVRL1 NTN1 AKAP6 CD38 EI24 BCAR1 VGLL4 RIMS2 ULK2 SEMA3E CLSTN3 JADE3 CDA SERTAD2 IST1 ARHGEF11 CDK11B KIAA0319 TOMM70 KIF14 SLC23A2 CDC42 CDH1
response to protozoan,GO:0001562,TSPAN32 BATF LYST GBP4 BATF2 GBP6 DEFA1 GBP1 GBP2 CCDC88B HRAS IRF8 IL4R IL10 IL12B IRF4 ARG1 GBP7 MIRLET7I MYD88 NKG7 PF4 BCL3 CLEC7A SLC11A1 BPGM SPN DEFA1B VTCN1 IER3 CD40
branching involved in blood vessel morphogenesis,GO:0001569,GNA13 COL4A1 CTNNB1 EDN1 EDNRA ENG FGF8 FOXC2 PLXND1 ABL1 GBX2 GDF2 IHH KDR MIR15B MIR16-1 MDK NRARP NFATC4 NOTCH4 LEF1 SIRT6 DLL4 PPP3R1 TBX20 FKBPL SFRP2 SHH RBM15 SRF STK4 TGFBR2 VEGFA NRP1 ACVR1 SEMA3E
vasculogenesis,GO:0001570,APELA GJC1 RAMP2 WARS2 CITED2 YAP1 GLMN ADM NKX2-5 CTNNB1 AMOT SPRED1 APLNR EPHA2 EMP2 ENG FOXF1 PAXIP1 ZFPM2 HEY1 HEY2 TIPARP GDF2 SETD2 HAS2 HOXA13 ITGAV ITGB8 JUNB KDR MIR1-1 CITED1 MYO1E NOTCH1 NPR2 NTRK2 EGFL7 HDAC7 PDGFRB ASB4 SOX18 RIN2 RASIP1 AGGF1 TMEM100 FBXW7 HIF1AN ACKR3 TBX20 ZMIZ1 HEG1 RAP1A RASA1 RRAS CEACAM1 SOX17 SHH SMO ZFP36L1 TBX5 TBX6 TGFB1 TGFBR2 TGFBR3 TIE1 TNNI3 VEGFA WNT7A WNT7B WT1 XDH FZD4 CCM2 TEAD2 MYO18B CAV1 NRP1 SGPL1 MYOCD QKI CD34 RAPGEF2 CUL7
ganglioside metabolic process,GO:0001573,NEU3 NEU4 C20orf173 ABCA2 ST6GALNAC3 B4GALNT1 ST6GALNAC4 GM2A HEXA HEXB ST6GALNAC6 ST8SIA6 ITGB8 NAGLU NEU1 NEU2 ST8SIA3 CLN6 ST3GAL1 ST3GAL2 ST3GAL3 ST8SIA4 ST8SIA2 ST6GALNAC5 B3GALT4 ST3GAL5 B4GALT6 B4GALT5
ganglioside biosynthetic process,GO:0001574,C20orf173 ST6GALNAC3 B4GALNT1 ST6GALNAC4 ST6GALNAC6 ST8SIA6 ST8SIA3 ST3GAL1 ST3GAL2 ST3GAL3 ST8SIA4 ST8SIA2 ST6GALNAC5 B3GALT4 ST3GAL5 B4GALT6 B4GALT5
microtubule bundle formation,GO:0001578,KIF20A GAS2L1 TPPP SPACA9 NISCH CHP1 ODAD3 DNAAF10 TPPP2 DNAAF1 DNAI3 LRGUK PIERCE1 DNAAF6 PIERCE2 DNAAF8 DNAH2 CFAP206 CFAP58 CCDC63 TBC1D21 DNAAF4 DCX DAW1 DNAH5 DNAH8 SPAG17 RSPH9 FES MAPRE1 CEP131 FOXJ1 CLUAP1 TOGARAM1 MTCL1 CLASP1 DNAAF11 GAS2L2 LRRC43 CFAP65 TTLL1 SPEF1 DNAH1 TTLL3 GAS8 DNAI1 STK36 TEKT2 CFAP97D1 TTLL6 CCDC66 CFAP157 CFAP47 CCDC39 NCKAP5 RSPH4A CFAP100 DNAAF3 DNAJB13 CFAP73 CCDC103 HOATZ FSIP2 MAP1B NUMA1 PLA2G3 ZMYND10 TPPP3 PLK1 CCSER2 HYDIN CFAP46 DNAAF5 TTC12 CCDC40 ODAD2 DNAAF2 MAP1S MNS1 CDK5RAP2 CFAP44 DNAH7 CC2D2A NCKAP5L MARK4 BBS2 RP1 CLIP1 DNAI2 MEIG1 LRRC61 SPAG1 SPAST UBE2B ZNF207 CPLANE2 SPAG16 CLXN DNAI4 CFAP69 JHY SPEF2 TTC26 TRIM46 CFAP43 AAAS RSPH6A CAPN6 ODAD4 DNAL1 ARMC2 IQCG DRC7 PSRC1 CFAP74 CCDC65 DNAH17 RSPH1 NAV1 CFAP91 NEURL1 TPGS1 DRC1 ODAD1 RP1L1 SPAG6
